{"cameraMode":{"drawMode":0,"name":"Shaded","section":"Shading Mode"},"sceneLighting":false,"audioPlay":false,"sceneViewState":{"showFog":true,"showMaterialUpdate":false,"showSkybox":true,"showFlares":true,"showImageEffects":true,"showParticleSystems":true},"in2DMode":false,"pivot":{"x":1.223681926727295,"y":11.51127815246582,"z":-4.538860321044922},"rotation":{"x":0.09988083690404892,"y":0.7757811546325684,"z":-0.12703430652618409,"w":0.6099587678909302},"size":8.313430786132813,"orthographic":false}