{"cameraMode":{"drawMode":0,"name":"Shaded","section":"Shading Mode"},"sceneLighting":false,"audioPlay":false,"sceneViewState":{"showFog":true,"showMaterialUpdate":false,"showSkybox":true,"showFlares":true,"showImageEffects":true,"showParticleSystems":true},"in2DMode":false,"pivot":{"x":1.5399549007415772,"y":12.713340759277344,"z":-5.777466773986816},"rotation":{"x":0.09988083690404892,"y":0.7757811546325684,"z":-0.12703430652618409,"w":0.6099587678909302},"size":22.019428253173829,"orthographic":false}